OIDN,UIDN,VERSDATUM,TERRID,DATPUBLBS,NUMAC,NISCODE,NAAM,LENGTE,OPPERVL,INWONERS,OPPERVL_HA
278,278,1900/01/01,"1",1976/01/23,"1975123003","13001",Arendonk,32278.60801800000,55011114.19189999253,"13207",5501.111
209,209,1900/01/01,"2",1982/12/29,"1982001920","13031",Oud-Turnhout,33317.26065690000,39172568.88520000130,"14201",3917.257
67,67,1900/01/01,"3",1831/02/07,,"13025",Mol,77705.29450449999,114499905.10600002110,"37021",11449.991
53,53,1900/01/01,"4",1976/01/23,"1975123003","72037",Hamont-Achel,31929.64188520000,43735368.48879999667,"14337",4373.537
102,102,1900/01/01,"5",1982/12/29,"1982001920","13036",Retie,35339.13357490000,48652067.94960000366,"11582",4865.207
77,318,1900/01/01,"7",1843/10/09,,"72020",Lommel,44857.53203030000,102249814.48800000548,"34255",10224.981
251,251,1900/01/01,"8",1831/02/07,,"13006",Dessel,27881.96084240000,27494375.71959999949,"9659",2749.438
293,293,1900/01/01,"10",1982/07/17,"1982001074","72003",Bocholt,41742.76830580000,59272776.08950001001,"13253",5927.278
204,204,1900/01/01,"11",1976/01/23,"1975123003","13003",Balen,53336.88172640000,72984225.20209999382,"22853",7298.423
98,98,1900/01/01,"12",1971/04/21,"1971040901","72018",Kinrooi,45550.49243670000,54785665.07789999992,"12216",5478.567
279,324,1900/01/01,"13",1982/07/17,"1982001074","72030",Peer,46300.57427360000,87239824.12639999390,"16421",8723.982
65,65,1900/01/01,"14",1982/07/17,"1982001074","72004",Bree,40485.51556390000,64993714.85649999976,"16097",6499.371
68,68,1900/01/01,"15",1976/01/23,"1975123003","72038",Hechtel-Eksel,43762.82596030000,76686314.08509999514,"12543",7668.631
206,206,1900/01/01,"16",1831/02/07,,"13021",Meerhout,31878.03201630000,36552418.43530000001,"10279",3655.242
214,214,1900/01/01,"18",1982/07/17,"1982001074","71034",Leopoldsburg,21369.11312890000,22578172.14029999822,"16065",2257.817
175,175,1900/01/01,"19",1976/01/23,"1975123003","71069",Ham,31922.34196840000,32782783.41630000249,"11031",3278.278
61,317,1900/01/01,"20",1982/07/17,"1982001074","72021",Maaseik,60331.92516830000,77166663.79799999297,"25389",7716.666
280,280,1900/01/01,"21",1982/12/29,"1982001920","71004",Beringen,49726.14627270000,78578032.28970000148,"46882",7857.803
106,106,1900/01/01,"22",1976/01/23,"1975123003","72039",Houthalen-Helchteren,43595.27607030000,78238924.68700000644,"30498",7823.892
180,180,1900/01/01,"23",1971/04/21,"1971040901","72041",Dilsen-Stokkem,48041.90043430000,65895852.43100000173,"20819",6589.585
294,294,1900/01/01,"24",1849/06/23,,"71057",Tessenderlo,45450.35695880000,51616090.18330000341,"18881",5161.609
149,149,1900/01/01,"25",1976/01/23,"1975123003","71070",Heusden-Zolder,41591.31875080000,53401714.69759999961,"34207",5340.171
142,142,1900/01/01,"27",1982/12/29,"1982001920","24020",Diest,49228.19428510000,58699559.76620000601,"24370",5869.956
116,116,1900/01/01,"28",1976/01/23,"1975123003","71037",Lummen,45035.81606140000,53706863.38369999826,"15086",5370.686
285,285,1900/01/01,"29",1970/08/11,"1970071703","71002",As,25737.85435140000,22110792.25530000031,"8279",2211.079
300,300,1900/01/01,"30",1831/02/07,,"71016",Genk,43020.24195280001,87585867.13899999857,"66673",8758.587
136,136,1900/01/01,"31",1982/07/17,"1982001074","73107",Maasmechelen,55533.42499540000,76852196.06939999759,"39161",7685.220
70,70,1900/01/01,"32",1976/01/23,"1975123003","71066",Zonhoven,30984.41111500000,39683177.43789999932,"21339",3968.318
123,123,1900/01/01,"33",1976/01/23,"1975123003","71020",Halen,33404.11762440000,36605713.49409999698,"9360",3660.571
297,297,1900/01/01,"34",1982/07/17,"1982001074","71022",Hasselt,62474.44453360000,102666144.12199999392,"79089",10266.614
277,277,1900/01/01,"35",1831/02/07,,"71067",Zutendaal,26808.99657120000,32107048.03249999881,"7290",3210.705
228,228,1900/01/01,"36",1982/07/17,"1982001074","71024",Herk-de-Stad,34593.43724110000,43027329.70000000298,"12716",4302.733
117,117,1900/01/01,"37",1831/02/07,,"71011",Diepenbeek,30883.93186830000,41418947.24249999970,"19157",4141.895
34,34,1900/01/01,"38",1982/07/17,"1982001074","73042",Lanaken,50387.19721110000,58949760.39950000495,"25922",5894.976
159,159,1900/01/01,"39",1976/01/23,"1975123003","24054",Kortenaken,41822.97938780000,49441630.64849999547,"7898",4944.163
111,111,1900/01/01,"40",1982/07/17,"1982001074","73006",Bilzen,49618.52364960000,75990375.71259999275,"32536",7599.038
249,249,1900/01/01,"41",1976/01/23,"1975123003","24028",Geetbets,31411.34930570000,35530199.99040000141,"6188",3553.020
203,203,1900/01/01,"42",1982/07/17,"1982001074","73001",Alken,26957.78593790000,28233172.13349999487,"11685",2823.317
282,282,1900/01/01,"43",1982/07/17,"1982001074","71045",Nieuwerkerken,34811.24460240000,22507190.03150000051,"7062",2250.719
304,304,1900/01/01,"44",1982/07/17,"1982001074","73032",Hoeselt,29213.61690160000,30086933.31300000101,"9740",3008.693
181,181,1900/01/01,"45",1982/07/17,"1982001074","73040",Kortessem,32352.37971920000,33990594.20520000160,"8443",3399.059
197,197,1900/01/01,"46",1982/12/29,"1982001920","24130",Zoutleeuw,45140.71006750000,46841478.57859999686,"8531",4684.148
100,100,1900/01/01,"47",1982/07/17,"1982001074","71053",Sint-Truiden,68057.47162620000,107115621.73899999261,"40557",10711.562
4,4,1900/01/01,"48",1976/01/23,"1975123003","73098",Wellen,25352.27727380000,26807076.18510000035,"7413",2680.708
21,21,1900/01/01,"49",1976/01/23,"1975123003","24133",Linter,39002.53470150000,36867989.74180000275,"7253",3686.799
166,166,1900/01/01,"50",1982/07/17,"1982001074","73009",Borgloon,45281.51456070000,51312656.14010000229,"11123",5131.266
47,47,1900/01/01,"51",1982/07/17,"1982001074","73066",Riemst,46739.02371090000,58038712.19359999895,"16709",5803.871
15,15,1900/01/01,"52",1982/07/17,"1982001074","73083",Tongeren,54961.01551610000,87844865.19339999557,"31224",8784.487
119,119,1900/01/01,"53",1976/01/23,"1975123003","24059",Landen,44841.29159930000,53305451.82789999247,"16051",5330.545
126,126,1900/01/01,"54",1982/07/17,"1982001074","73022",Heers,49081.78626280000,53063108.79829999804,"7339",5306.311
9,9,1900/01/01,"55",1976/01/23,"1975123003","73109",Voeren,53468.02709540000,50602148.16629999876,"4193",5060.215
274,274,1900/01/01,"56",1976/01/23,"1975123003","71017",Gingelom,44543.79023480000,56350504.73740000278,"8426",5635.050
184,184,1900/01/01,"57",1976/01/23,"1975123003","23032",Herne,36580.38667620001,44668131.13769999892,"6706",4466.813
171,171,1900/01/01,"58",1976/01/23,"1975123003","34043",Spiere-Helkijn,19863.02923820000,10814792.24139999971,"2076",1081.479
37,37,1900/01/01,"59",1831/02/07,,"73028",Herstappe,6344.65879098000,1334214.30059999996,"78",133.421
223,223,1900/01/01,"60",1962/11/22,"1962110803","23009",Bever,23236.14140440000,19245537.35850000009,"2201",1924.554
173,173,1900/01/01,"61",1982/12/29,"1982001920","13014",Hoogstraten,66817.35562390000,105417805.17700000107,"21560",10541.781
81,81,1900/01/01,"62",1976/01/23,"1975123003","13035",Ravels,45284.34275010000,95172818.03820000589,"15104",9517.282
236,236,1900/01/01,"63",1976/01/23,"1975123003","11016",Essen,34064.48688050000,47587737.47540000081,"19196",4758.774
191,191,1900/01/01,"64",1982/12/29,"1982001920","11022",Kalmthout,43892.26753360001,59395478.96650000662,"19020",5939.548
234,234,1900/01/01,"65",1982/12/29,"1982001920","11053",Wuustwezel,44490.26131900000,89375572.51250000298,"21346",8937.557
290,290,1900/01/01,"67",1976/01/23,"1975123003","13023",Merksplas,28331.23786570000,44611407.60779999942,"8616",4461.141
163,163,1900/01/01,"68",1858/12/30,,"13040",Turnhout,45499.37977850000,56682633.52929999679,"45874",5668.263
224,224,1900/01/01,"69",1976/01/23,"1975123003","13037",Rijkevorsel,30771.00272000000,46838564.50060000271,"12262",4683.856
178,178,1900/01/01,"70",1976/01/23,"1975123003","11009",Brecht,45769.96931460000,91461455.80580000579,"29809",9146.146
195,195,1900/01/01,"71",1988/09/08,"1988000266","11002",Antwerpen,97310.13006090000,204366190.34999999404,"529417",20436.619
10,10,1900/01/01,"72",1990/12/29,"1990000578","31043",Knokke-Heist,36982.75728580000,61415616.54540000111,"33086",6141.562
139,139,1900/01/01,"73",1990/12/29,"1990000578","31005",Brugge,78515.10656090002,140894919.97799998522,"118467",14089.492
110,110,1900/01/01,"74",1982/07/17,"1982001074","11023",Kapellen,29067.54992040000,37238334.11010000110,"27157",3723.833
174,174,1900/01/01,"75",1988/09/08,"1988000266","11044",Stabroek,21552.49625670000,21477846.07620000094,"18680",2147.785
284,284,1900/01/01,"76",1982/12/29,"1982001920","46003",Beveren,61788.97582060000,152732898.45399999619,"49062",15273.290
283,283,1900/01/01,"77",1831/02/07,,"11008",Brasschaat,27696.49024900000,38607600.52019999921,"38211",3860.760
226,226,1900/01/01,"78",1976/01/23,"1975123003","13004",Beerse,30793.29703630000,37352165.41950000077,"18194",3735.217
216,216,1900/01/01,"79",1970/08/11,"1970071703","31004",Blankenberge,21611.24680450000,18904215.34800000116,"20479",1890.422
161,161,1900/01/01,"80",1976/01/23,"1975123003","13046",Vosselaar,21572.08409410000,11824817.73289999925,"11443",1182.482
1,1,1900/01/01,"81",1982/12/29,"1982001920","11057",Malle,36927.33631330000,51891653.94330000132,"15620",5189.165
118,118,1900/01/01,"82",1976/01/23,"1975123003","35029",De Haan,40280.90753580000,46056238.56239999831,"12789",4605.624
29,29,1900/01/01,"83",1982/12/29,"1982001920","31006",Damme,51029.56234410000,90365860.22849999368,"10973",9036.586
41,41,1900/01/01,"84",1982/12/29,"1982001920","43014",Sint-Laureins,48410.85156800000,74544040.62700000405,"6919",7454.404
71,71,1900/01/01,"85",1831/02/07,,"11040",Schoten,27935.75549400000,29516477.06199999899,"34291",2951.648
51,51,1900/01/01,"86",1982/12/29,"1982001920","13019",Lille,41214.59444460000,59639662.47550000250,"16517",5963.966
261,261,1900/01/01,"87",1982/12/29,"1982001920","31042",Zuienkerke,42781.89519280000,48910512.30120000243,"2750",4891.051
84,84,1900/01/01,"88",1982/12/29,"1982001920","11039",Schilde,32788.42031220001,36088641.79209999740,"19925",3608.864
99,99,1900/01/01,"89",1982/12/29,"1982001920","11055",Zoersel,34908.69029090000,38678043.06250000000,"22142",3867.804
88,88,1900/01/01,"90",1976/01/23,"1975123003","46020",Sint-Gillis-Waas,40433.97458600000,55475198.70639999956,"19590",5547.520
56,56,1900/01/01,"91",1982/12/29,"1982001920","13017",Kasterlee,46763.46785290000,72256827.81419999897,"19052",7225.683
124,124,1900/01/01,"92",1976/01/23,"1975123003","43002",Assenede,52450.80743080000,87501049.26109999418,"14369",8750.105
248,248,1900/01/01,"93",1982/12/29,"1982001920","43010",Maldegem,52710.89275530000,95636312.70469999313,"24114",9563.631
112,112,1900/01/01,"94",1970/08/11,"1970071704","35002",Bredene,19912.39158860000,14168243.78910000063,"18086",1416.824
199,199,1900/01/01,"95",1976/01/23,"1975123003","11056",Zwijndrecht,26283.50730670000,20090525.86780000106,"19263",2009.053
130,130,1900/01/01,"96",1970/08/11,"1970071704","35013",Oostende,36440.64554680000,40905569.10279999673,"71755",4090.557
107,107,1900/01/01,"97",1831/02/07,,"13044",Vorselaar,30973.43380920000,27634203.91160000116,"7995",2763.420
132,132,1900/01/01,"98",1982/12/29,"1982001920","43007",Kaprijke,30775.10289340000,33634326.70979999751,"6508",3363.433
131,131,1900/01/01,"99",1982/12/29,"1982001920","46024",Stekene,34579.41753440001,45249522.17159999907,"18863",4524.952
187,187,1900/01/01,"100",1982/12/29,"1982001920","11054",Zandhoven,32316.08859200000,40086395.26200000197,"13124",4008.640
72,72,1900/01/01,"101",1982/12/29,"1982001920","31012",Jabbeke,37531.92774740000,53872756.22190000117,"14081",5387.276
244,244,1900/01/01,"102",1982/12/29,"1982001920","13008",Geel,65856.10498420002,110195377.92299999297,"40781",11019.538
286,286,1900/01/01,"103",1831/02/07,,"11050",Wijnegem,18535.32843910000,7881341.64666999970,"10084",788.134
50,50,1900/01/01,"104",1982/12/29,"1982001920","11035",Ranst,32290.43847570000,43680823.68280000240,"19249",4368.082
168,168,1900/01/01,"105",1976/01/23,"1975123003","35014",Oudenburg,37150.86574780000,35613531.13400000334,"9672",3561.353
276,276,1900/01/01,"106",1831/02/07,,"44045",Moerbeke,35559.82086480000,37961431.68060000241,"6619",3796.143
27,27,1900/01/01,"107",1965/01/23,"1964123151","44073",Wachtebeke,30814.72663290000,34615696.48569999635,"7769",3461.570
198,198,1900/01/01,"108",1831/02/07,,"11052",Wommelgem,20523.22291910000,12989073.92259999923,"12991",1298.907
169,321,1900/01/01,"109",1982/12/29,"1982001920","43005",Eeklo,25574.90073560000,30429399.10920000076,"21549",3042.940
28,28,1900/01/01,"110",1982/12/29,"1982001920","13011",Herentals,45278.47883330000,47955562.98589999974,"28194",4795.556
148,148,1900/01/01,"111",1982/12/29,"1982001920","13010",Grobbendonk,28011.59585350000,28371442.59739999846,"11249",2837.144
288,288,1900/01/01,"113",1976/01/23,"1975123003","35011",Middelkerke,50399.57592030000,78790360.16349999607,"19676",7879.036
256,256,1900/01/01,"114",1982/12/29,"1982001920","46021",Sint-Niklaas,53743.73913980000,84184217.98489999771,"79357",8418.422
263,263,1900/01/01,"115",1976/01/23,"1975123003","35005",Gistel,36977.10508010000,42792469.87979999930,"12107",4279.247
133,319,1900/01/01,"116",1982/12/29,"1982001920","31003",Beernem,45881.97976880000,72415243.81000000238,"15845",7241.524
92,92,1900/01/01,"117",1831/02/07,,"11007",Borsbeek,9974.30804438000,3901664.88939000014,"11077",390.166
190,322,1900/01/01,"118",1982/12/29,"1982001920","44019",Evergem,49422.36944240000,75350285.88259999454,"35791",7535.029
242,242,1900/01/01,"119",1982/12/29,"1982001920","13029",Olen,24350.13990790000,23120525.44729999825,"12600",2312.053
182,182,1900/01/01,"120",1982/12/29,"1982001920","46013",Kruibeke,27419.80117050000,33573337.72479999810,"16785",3357.334
82,82,1900/01/01,"121",1982/12/29,"1982001920","31022",Oostkamp,55182.78157610000,80117686.32670000196,"23832",8011.769
91,91,1900/01/01,"122",1976/01/23,"1975123003","11004",Boechout,26074.37864930000,20720602.13479999825,"13527",2072.060
38,38,1900/01/01,"123",1982/12/29,"1982001920","44021",Gent,98170.87737540000,157718707.25099998713,"263703",15771.871
62,62,1900/01/01,"124",1982/12/29,"1982001920","11029",Mortsel,13318.90000900000,7789958.97752000019,"26170",778.996
90,90,1900/01/01,"125",1982/12/29,"1982001920","12026",Nijlen,30301.24938160000,39220693.77009999752,"22985",3922.069
101,101,1900/01/01,"127",1976/01/23,"1975123003","38016",Nieuwpoort,36156.28137100000,33178410.19269999489,"11667",3317.841
179,179,1900/01/01,"128",1982/12/29,"1982001920","46025",Temse,36334.64988340000,40111630.55939999968,"30287",4011.163
147,147,1900/01/01,"129",1976/01/23,"1975123003","31040",Zedelgem,39862.07598880001,60647437.09149999917,"22901",6064.744
233,233,1900/01/01,"130",1982/12/29,"1982001920","11013",Edegem,14600.70016420000,8716394.38044000044,"22244",871.639
26,26,1900/01/01,"132",1976/01/23,"1975123003","35006",Ichtegem,36889.02044720000,45794216.42880000174,"14068",4579.422
44,44,1900/01/01,"133",1982/12/29,"1982001920","12021",Lier,53350.69657520000,49854254.45939999819,"36923",4985.425
207,207,1900/01/01,"134",1982/12/29,"1982001920","46014",Lokeren,39778.45824810001,68209463.84630000591,"42145",6820.946
273,273,1900/01/01,"135",1982/12/29,"1982001920","13012",Herenthout,25134.00051660000,23589730.81379999593,"9185",2358.973
260,260,1900/01/01,"137",1982/12/29,"1982001920","11021",Hove,14096.67895620000,6012124.49572000001,"8287",601.212
240,240,1900/01/01,"138",1831/02/07,,"11018",Hemiksem,11392.14413020000,5460120.14692999981,"11722",546.012
7,7,1900/01/01,"139",1976/01/23,"1975123003","38014",Koksijde,37811.26625730000,50016648.11339998990,"21852",5001.665
5,5,1900/01/01,"140",1982/12/29,"1982001920","11001",Aartselaar,21636.70613340000,11026116.05700000003,"14455",1102.612
22,22,1900/01/01,"141",1982/12/29,"1982001920","44034",Lochristi,41615.71601880000,60676205.86249999702,"22621",6067.621
95,95,1900/01/01,"142",1976/01/23,"1975123003","11024",Kontich,28808.25717780000,23833086.66510000080,"21260",2383.309
35,35,1900/01/01,"143",1976/01/23,"1975123003","13049",Westerlo,40312.63534780000,55452642.81620001048,"25288",5545.264
212,212,1900/01/01,"144",1982/12/29,"1982001920","42023",Waasmunster,37367.70308590000,32233276.27809999883,"10912",3223.328
141,141,1900/01/01,"145",1976/01/23,"1975123003","32010",Koekelare,36374.43537480000,39457405.95769999921,"8745",3945.741
281,281,1900/01/01,"146",1869/06/30,,"11025",Lint,13488.48354690000,5624016.67982000019,"8575",562.402
105,105,1900/01/01,"148",1964/07/11,"1964070205","12002",Berlaar,27790.89764730000,24508271.98550000042,"11710",2450.827
302,302,1900/01/01,"149",1831/02/07,,"11038",Schelle,13956.89169940000,7726357.24471000023,"8559",772.636
11,11,1900/01/01,"150",1982/12/29,"1982001920","12014",Heist-op-den-Berg,60456.31140140000,86653935.70999999344,"43096",8665.394
303,303,1900/01/01,"152",1976/01/23,"1975123003","38008",De Panne,24057.19835120000,26572123.98279999942,"11232",2657.212
185,185,1900/01/01,"153",1976/01/23,"1975123003","32003",Diksmuide,63224.45799150000,150762649.32899999619,"16815",15076.265
246,323,1900/01/01,"154",1976/01/23,"1975123003","12007",Bornem,34496.50397560000,46199157.12049999833,"21428",4619.916
79,79,1900/01/01,"155",1982/12/29,"1982001920","11037",Rumst,29433.52321940000,20146633.58810000122,"15146",2014.663
74,74,1900/01/01,"156",1976/01/23,"1975123003","13053",Laakdal,41582.59970530001,42457974.62629999965,"16293",4245.797
134,134,1900/01/01,"157",1831/02/07,,"12009",Duffel,30906.56366730000,22597240.18129999936,"17714",2259.724
292,292,1900/01/01,"158",1831/02/07,,"11030",Niel,10716.19013390000,5231400.50494999997,"10493",523.140
73,73,1900/01/01,"159",1976/01/23,"1975123003","42008",Hamme,42860.30109100000,40547201.10230000317,"24980",4054.720
154,154,1900/01/01,"160",1982/12/29,"1982001920","31033",Torhout,36257.46474300000,45325405.53819999844,"20490",4532.541
75,75,1900/01/01,"161",1976/01/23,"1975123003","38025",Veurne,56710.98841680000,97230195.88710001111,"12172",9723.020
30,30,1900/01/01,"162",1976/01/23,"1975123003","37018",Wingene,49057.80417560000,68534525.58179999888,"14699",6853.453
135,135,1900/01/01,"163",1831/02/07,,"11005",Boom,11970.46272280000,7194058.64357999992,"18799",719.406
140,140,1900/01/01,"164",1831/02/07,,"37012",Ruiselede,33236.27100280000,30614993.06109999493,"5379",3061.499
104,104,1900/01/01,"166",1982/12/29,"1982001920","42028",Zele,31946.07432960000,33321009.47670000046,"21333",3332.101
253,253,1900/01/01,"168",1976/01/23,"1975123003","13013",Herselt,45785.62878680000,52386704.81050000340,"14649",5238.670
2,2,1900/01/01,"169",1976/01/23,"1975123003","12035",Sint-Katelijne-Waver,35155.00710200001,36153949.97259999812,"21197",3615.395
231,231,1900/01/01,"170",1982/12/29,"1982001920","13016",Hulshout,31194.95879370000,17389022.55240000039,"10553",1738.902
176,176,1900/01/01,"171",1976/01/23,"1975123003","12029",Putte,40045.05397130001,35163894.86720000207,"18109",3516.389
164,164,1900/01/01,"172",1976/01/23,"1975123003","12040",Willebroek,30979.59276220000,27445922.53460000083,"27081",2744.592
227,227,1900/01/01,"173",1982/12/29,"1982001920","44013",Destelbergen,32822.95526130000,26713853.35539999604,"18683",2671.385
188,188,1900/01/01,"174",1982/12/29,"1982001920","12025",Mechelen,54562.96328990000,65821881.71000000834,"86911",6582.188
235,235,1900/01/01,"176",1976/01/23,"1975123003","32011",Kortemark,40073.01132600000,55429905.95969999582,"12743",5542.991
13,13,1900/01/01,"177",1976/01/23,"1975123003","42010",Laarne,30089.22906730000,32593855.44420000166,"12371",3259.386
238,238,1900/01/01,"178",1982/12/29,"1982001920","36011",Lichtervelde,26734.22701780000,26152590.57660000399,"8962",2615.259
262,262,1900/01/01,"179",1976/01/23,"1975123003","42003",Berlare,35306.78310200000,38209937.57069999725,"15222",3820.994
192,192,1900/01/01,"180",1982/12/29,"1982001920","42006",Dendermonde,48449.28248180000,56609872.86309999973,"46015",5660.987
122,122,1900/01/01,"181",1976/01/23,"1975123003","37015",Tielt,45097.89240700000,68849788.33470000327,"20390",6884.979
269,269,1900/01/01,"182",1976/01/23,"1975123003","38002",Alveringem,64367.91257280000,80707488.47689999640,"5024",8070.749
170,170,1900/01/01,"183",1982/12/29,"1982001920","24134",Scherpenheuvel-Zichem,43195.68402240000,51154280.71429999918,"23135",5115.428
23,23,1900/01/01,"184",1982/12/29,"1982001920","12005",Bonheiden,35547.93521120000,29192302.66840000078,"15177",2919.230
48,48,1900/01/01,"185",1982/12/29,"1982001920","42004",Buggenhout,26384.47218560000,25632448.23079999909,"14689",2563.245
24,316,1900/01/01,"186",1982/12/29,"1982001920","23045",Londerzeel,29864.03473810000,36530903.64379999787,"19016",3653.090
291,291,1900/01/01,"187",1976/01/23,"1975123003","37011",Pittem,28051.00616550000,34674244.59340000153,"6784",3467.424
247,247,1900/01/01,"188",1976/01/23,"1975123003","24007",Begijnendijk,25190.70956190000,17670331.50059999898,"10322",1767.033
165,165,1900/01/01,"189",1982/12/29,"1982001920","24001",Aarschot,52936.40415300000,63026176.26490000635,"30281",6302.618
202,202,1900/01/01,"190",1976/01/23,"1975123003","44064",Sint-Martens-Latem,19982.91576310000,14436827.40289999917,"8285",1443.683
225,225,1900/01/01,"191",1976/01/23,"1975123003","42026",Wichelen,32722.71516710000,23224004.15310000256,"11690",2322.400
42,42,1900/01/01,"193",1982/12/29,"1982001920","44040",Melle,21672.81554920000,15329305.95460000075,"11782",1532.931
19,19,1900/01/01,"194",1976/01/23,"1975123003","37020",Ardooie,28022.97604330000,34932159.77139999717,"9151",3493.216
18,18,1900/01/01,"195",1982/12/29,"1982001920","23039",Kapelle-op-den-Bos,27570.37334140000,15418734.97729999945,"9524",1541.873
152,152,1900/01/01,"196",1982/12/29,"1982001920","42025",Wetteren,35649.24275970000,37002805.43360000104,"26206",3700.281
52,52,1900/01/01,"197",1976/01/23,"1975123003","44043",Merelbeke,35278.22149960000,37020387.95780000091,"24779",3702.039
33,33,1900/01/01,"198",1982/12/29,"1982001920","32030",Lo-Reninge,52896.08914190000,63382858.37879999727,"3257",6338.286
16,16,1900/01/01,"199",1976/01/23,"1975123003","24109",Tremelo,26425.78321580000,21910455.38729999959,"15008",2191.046
78,78,1900/01/01,"200",1982/12/29,"1982001920","36006",Hooglede,29383.41758250000,38102780.31069999933,"9925",3810.278
25,25,1900/01/01,"201",1982/12/29,"1982001920","24048",Keerbergen,23138.11786350000,18519129.67790000141,"13073",1851.913
221,221,1900/01/01,"202",1982/12/29,"1982001920","42011",Lebbeke,28602.61530270000,27318975.06560000032,"19560",2731.898
155,155,1900/01/01,"203",1982/12/29,"1982001920","32006",Houthulst,41110.36632830000,56015245.37030000985,"10214",5601.525
295,295,1900/01/01,"204",1976/01/23,"1975123003","44012",De Pinte,21834.29747040000,17787974.58399999887,"10990",1778.797
146,146,1900/01/01,"206",1982/12/29,"1982001920","36019",Staden,35358.81083880000,46843026.96970000118,"11462",4684.303
17,17,1900/01/01,"207",1982/12/29,"1982001920","23050",Meise,30618.62859460000,35073195.44009999931,"19790",3507.320
301,301,1900/01/01,"208",1982/12/29,"1982001920","24014",Boortmeerbeek,25993.77119700000,18764325.59079999849,"12711",1876.433
183,183,1900/01/01,"209",1982/12/29,"1982001920","36015",Roeselare,39895.50530430000,60408241.58060000092,"63763",6040.824
137,137,1900/01/01,"210",1982/12/29,"1982001920","23052",Merchtem,43801.51543480000,36899054.87030000240,"17154",3689.905
237,237,1900/01/01,"211",1976/01/23,"1975123003","41002",Aalst,56516.17032000000,78658602.34980000556,"87978",7865.860
80,80,1900/01/01,"212",1982/12/29,"1982001920","24033",Haacht,32356.67652180000,30763533.28510000184,"15080",3076.353
275,275,1900/01/01,"214",1982/12/29,"1982001920","44048",Nazareth,33075.88465550000,35420448.03429999948,"11844",3542.045
113,113,1900/01/01,"215",1982/12/29,"1982001920","23060",Opwijk,26223.62995970000,19914991.58590000123,"14793",1991.499
153,153,1900/01/01,"216",1976/01/23,"1975123003","41034",Lede,36312.10647240001,29881502.89979999885,"18980",2988.150
258,258,1900/01/01,"217",1982/12/29,"1982001920","44081",Zulte,38071.43076910000,32751028.15370000526,"15843",3275.103
150,150,1900/01/01,"218",1982/12/29,"1982001920","24094",Rotselaar,37066.18885740000,37226945.31360000372,"17081",3722.695
89,89,1900/01/01,"219",1982/12/29,"1982001920","37002",Dentergem,35356.44138720000,26103330.57319999859,"8644",2610.333
40,40,1900/01/01,"220",1982/12/29,"1982001920","37007",Meulebeke,27885.43836270000,29499008.10839999840,"10885",2949.901
87,87,1900/01/01,"221",1982/12/29,"1982001920","44052",Oosterzele,35734.52085410001,43573798.10260000080,"13740",4357.380
60,60,1900/01/01,"222",1976/01/23,"1975123003","24008",Bekkevoort,38036.23489320000,37289135.71630000323,"6348",3728.914
145,145,1900/01/01,"223",1982/12/29,"1982001920","23038",Kampenhout,33188.74914290000,33644051.37640000135,"12280",3364.405
36,36,1900/01/01,"224",1982/12/29,"1982001920","37010",Oostrozebeke,24499.95826310000,16722225.52749999799,"7943",1672.223
259,259,1900/01/01,"225",1976/01/23,"1975123003","33041",Vleteren,36979.79723170000,38577519.75439999998,"3649",3857.752
121,121,1900/01/01,"226",1976/01/23,"1975123003","33040",Langemark-Poelkapelle,37540.28862840000,53049507.15550000221,"7843",5304.951
156,156,1900/01/01,"227",1982/12/29,"1982001920","24135",Tielt-Winge,36910.29053740000,44507944.54200000316,"10877",4450.794
200,200,1900/01/01,"228",1982/12/29,"1982001920","24043",Holsbeek,38254.29990570000,38778563.61420000345,"10148",3877.856
69,69,1900/01/01,"229",1982/12/29,"1982001920","36008",Izegem,24465.59747370000,25620765.41030000150,"28554",2562.077
63,63,1900/01/01,"230",1982/12/29,"1982001920","23081",Steenokkerzeel,29207.13590650000,23632241.99139999598,"12372",2363.224
196,196,1900/01/01,"232",1995/04/19,"1995000088","44020",Gavere,37229.73421060000,31585132.51229999959,"13007",3158.513
97,97,1900/01/01,"233",1976/01/23,"1975123003","41082",Erpe-Mere,39364.12383750001,34407402.14769999683,"20286",3440.740
55,55,1900/01/01,"234",1976/01/23,"1975123003","41063",Sint-Lievens-Houtem,30566.92826660000,27054660.24130000547,"10474",2705.466
125,125,1900/01/01,"236",1982/12/29,"1982001920","36007",Ingelmunster,21419.36469490000,16433114.85820000060,"11189",1643.311
14,14,1900/01/01,"238",1976/01/23,"1975123003","33021",Poperinge,73043.61033830000,120391969.60799999535,"19686",12039.197
272,272,1900/01/01,"239",1982/12/29,"1982001920","33011",Ieper,72996.72362960000,131475969.70200000703,"34954",13147.597
114,114,1900/01/01,"240",1982/12/29,"1982001920","24038",Herent,30379.37825600000,32737120.57620000094,"22046",3273.712
194,194,1900/01/01,"241",1976/01/23,"1975123003","23002",Asse,43451.22982000000,50222604.39820000529,"33827",5022.260
57,57,1900/01/01,"242",1982/12/29,"1982001920","24062",Leuven,58973.91995560000,57496512.76250000298,"101032",5749.651
46,46,1900/01/01,"244",1976/01/23,"1975123003","33037",Zonnebeke,51817.40213180000,68075529.26379999518,"12511",6807.553
103,103,1900/01/01,"245",1976/01/23,"1975123003","24055",Kortenberg,32831.83107940000,34702324.43370000273,"20425",3470.232
306,306,1900/01/01,"246",1976/01/23,"1975123003","36012",Moorslede,33365.57282700001,35461103.99580000341,"11445",3546.110
49,49,1900/01/01,"247",1976/01/23,"1975123003","23105",Affligem,21132.80442140000,17926368.42269999906,"13407",1792.637
254,254,1900/01/01,"248",1937/06/14,,"23102",Wemmel,14879.41150760000,8776521.39299000055,"17013",877.652
220,220,1900/01/01,"249",1982/12/29,"1982001920","23047",Machelen,16680.72884930000,11491723.32709999941,"15895",1149.172
8,8,1900/01/01,"250",1976/01/23,"1975123003","41081",Zottegem,47055.09651180000,57448224.66990000010,"26921",5744.822
167,167,1900/01/01,"251",1982/12/29,"1982001920","41027",Herzele,45155.16136380000,47922436.73240000755,"18414",4792.244
271,271,1900/01/01,"252",1982/12/29,"1982001920","41024",Haaltert,32756.05663080000,30513431.06870000064,"18892",3051.343
267,267,1900/01/01,"254",1976/01/23,"1975123003","45065",Zwalm,35024.39043410000,33891839.27120000124,"8224",3389.184
229,229,1900/01/01,"255",1982/12/29,"1982001920","24066",Lubbeek,44395.69525540000,45285065.01049999893,"14728",4528.507
45,45,1900/01/01,"256",1976/01/23,"1975123003","34013",Harelbeke,33314.78794300001,29399468.46249999851,"28614",2939.947
210,210,1900/01/01,"257",1976/01/23,"1975123003","41011",Denderleeuw,20725.91754790000,13868884.90000000037,"20730",1386.888
144,320,1900/01/01,"258",1976/01/23,"1975123003","45035",Oudenaarde,57148.39421680000,68929602.42280000448,"31650",6892.960
108,108,1900/01/01,"259",1831/02/07,,"34025",Lendelede,17421.14312500000,13274278.92280000076,"5766",1327.428
299,299,1900/01/01,"260",1976/01/23,"1975123003","24137",Glabbeek,29637.06953890000,26974413.27510000020,"5340",2697.441
208,208,1900/01/01,"261",1982/12/29,"1982001920","23094",Zaventem,34544.96705900000,27716396.34699999914,"35184",2771.640
127,127,1900/01/01,"262",1976/01/23,"1975123003","36010",Ledegem,25446.39460770000,24823592.22399999946,"9715",2482.359
298,298,1900/01/01,"263",1976/01/23,"1975123003","24009",Bertem,34679.78705390000,29999196.31040000170,"10190",2999.920
94,94,1900/01/01,"264",1976/01/23,"1975123003","23016",Dilbeek,40264.25683500000,41478794.76179999858,"43732",4147.879
54,54,1900/01/01,"265",1976/01/23,"1975123003","23086",Ternat,24471.95015240000,24711522.69700000435,"16144",2471.152
193,193,1900/01/01,"266",1976/01/23,"1975123003","45061",Wortegem-Petegem,41196.39643080000,42474368.26850000024,"6445",4247.437
264,264,1900/01/01,"267",1982/12/29,"1982001920","23044",Liedekerke,18447.36262250000,10158271.23960000090,"13482",1015.827
151,151,1900/01/01,"268",1976/01/23,"1975123003","34023",Kuurne,16086.51493570000,10105489.21150000021,"13794",1010.549
189,189,1900/01/01,"270",1982/12/29,"1982001920","24011",Bierbeek,47242.94018460000,38990533.62229999900,"10194",3899.053
217,217,1900/01/01,"271",1982/12/29,"1982001920","24016",Boutersem,39486.97452340000,31143218.30799999833,"8249",3114.322
186,186,1900/01/01,"272",1982/12/29,"1982001920","41048",Ninove,50545.48423570000,73110540.01520000398,"39369",7311.054
255,255,1900/01/01,"274",1982/12/29,"1982001920","34009",Deerlijk,20798.60753320000,16968172.70650000125,"12182",1696.817
219,219,1900/01/01,"275",1976/01/23,"1975123003","34002",Anzegem,35054.57028040001,42349706.95639999956,"14845",4234.971
289,289,1900/01/01,"276",1982/12/29,"1982001920","24104",Tervuren,39348.16080160001,33599930.42559999973,"22861",3359.993
86,86,1900/01/01,"277",1831/02/07,,"23099",Kraainem,17050.96832230000,5852115.04280999955,"13847",585.212
6,6,1900/01/01,"278",1976/01/23,"1975123003","24107",Tienen,52492.13781530000,72771601.61990000308,"35545",7277.160
205,205,1900/01/01,"279",1976/01/23,"1975123003","45062",Horebeke,22254.30409110000,11243877.80629999936,"2009",1124.388
109,109,1900/01/01,"280",1884/07/29,,"23103",Wezembeek-Oppem,13611.10766290000,6852118.39955999982,"14254",685.212
85,85,1900/01/01,"281",1976/01/23,"1975123003","33029",Wervik,34848.50018060000,43782535.73219999671,"18864",4378.254
120,120,1900/01/01,"282",1976/01/23,"1975123003","23097",Roosdaal,31070.80262450000,21923133.45270000026,"11688",2192.313
20,20,1900/01/01,"283",1982/12/29,"1982001920","24086",Oud-Heverlee,40326.15781240000,31167508.19189999998,"11209",3116.751
250,250,1900/01/01,"284",1976/01/23,"1975123003","45059",Brakel,48771.11399530000,56960445.58139999956,"14762",5696.045
215,215,1900/01/01,"285",1976/01/23,"1975123003","23104",Lennik,31904.29800750000,31130464.58819999918,"9190",3113.046
307,307,1900/01/01,"286",1976/01/23,"1975123003","45063",Lierde,28184.90884230000,26317198.10060000420,"6626",2631.720
308,308,1900/01/01,"288",1982/12/29,"2982001920","33039",Heuvelland,71076.30113450000,94787943.49699999392,"7897",9478.794
239,239,1900/01/01,"289",1982/12/29,"1982001920","41018",Geraardsbergen,71146.94997640002,80052578.68150000274,"33970",8005.258
12,12,1900/01/01,"290",1982/12/29,"1982001920","24045",Huldenberg,42967.30248310000,39956623.52589999884,"9981",3995.662
43,43,1900/01/01,"291",1976/01/23,"1975123003","34042",Zwevegem,43855.38590480000,63603466.64909999818,"24853",6360.347
64,64,1900/01/01,"292",1976/01/23,"1975123003","45064",Maarkedal,44804.42130430000,46155777.67090000212,"6362",4615.578
243,243,1900/01/01,"293",1982/12/29,"1982001920","23077",Sint-Pieters-Leeuw,48004.43535010000,40680325.83739999682,"35061",4068.033
241,241,1900/01/01,"294",1976/01/23,"1975123003","34003",Avelgem,35680.23265550001,22136550.39050000161,"10249",2213.655
232,232,1900/01/01,"295",1976/01/23,"1975123003","23024",Gooik,35006.95072390000,40224961.63840000331,"9230",4022.496
129,129,1900/01/01,"296",1976/01/23,"1975123003","24041",Hoegaarden,38338.30299800000,34136155.85930000246,"6843",3413.616
59,59,1900/01/01,"297",1976/01/23,"1975123003","45060",Kluisbergen,30184.80309420000,30619300.19399999827,"6682",3061.930
83,83,1900/01/01,"298",1831/02/07,,"23098",Drogenbos,13320.02027660000,2496110.49337999988,"5699",249.611
266,266,1900/01/01,"299",1982/12/29,"1982001920","23062",Overijse,51872.01411860000,45006669.62929999828,"25655",4500.667
162,162,1900/01/01,"300",1976/01/23,"1975123003","23064",Pepingen,49765.07383000000,35913909.20359999686,"4499",3591.391
76,76,1900/01/01,"301",1962/11/22,"1962110803","45041",Ronse,33660.79136640000,34703354.63830000162,"26510",3470.335
265,265,1900/01/01,"302",1976/01/23,"1975123003","23023",Galmaarden,34199.93238220000,35282130.30370000005,"8814",3528.213
211,211,1900/01/01,"303",1962/11/22,"1962110803","23033",Hoeilaart,25331.67441420000,20560926.81839999929,"11509",2056.093
115,115,1900/01/01,"304",1982/12/29,"1982001920","23003",Beersel,33508.74130490000,30387970.97049999982,"25756",3038.797
218,218,1900/01/01,"305",1831/02/07,,"23100",Linkebeek,11541.23695900000,4195561.69680999964,"4739",419.556
201,201,1900/01/01,"306",1982/12/29,"1982001920","23027",Halle,44671.05296510001,44980632.81750000268,"40656",4498.063
230,230,1900/01/01,"307",1962/11/22,"1962110803","23101",Sint-Genesius-Rode,35096.01167300000,22756937.70450000092,"18626",2275.694
268,268,1900/01/01,"308",1831/02/07,,"33016",Mesen,10479.13993090000,3595730.13431000011,"1051",359.573
257,257,1900/01/01,"309",1999/11/04,"1999015180","43018",Zelzate,21188.90595100000,13844227.77569999918,"13124",1384.423
270,270,1900/01/01,"310",1998/04/24,"1998000040","23096",Zemst,45391.06564700000,43179547.14060000330,"23314",4317.955
39,39,1900/01/01,"313",1998/04/24,"1998000040","23088",Vilvoorde,32813.50203200000,21591422.08309999853,"45715",2159.142
158,158,1900/01/01,"314",1998/04/24,"1998000040","23025",Grimbergen,34386.34189040000,38662864.58799999952,"38314",3866.286
296,296,1900/01/01,"315",1996/06/26,"1996015065","13002",Baarle-Hertog,57072.72692580000,7414600.49308000039,"2935",741.460
58,58,1900/01/01,"316",2000/01/29,"2000000060","34041",Wevelgem,34626.22062100000,39142406.02319999784,"31503",3914.241
138,138,1900/01/01,"317",2000/01/29,"2000000060","34022",Kortrijk,59224.31673240000,80705455.15919999778,"77213",8070.546
31,31,1900/01/01,"318",2000/01/29,"2000000060","34027",Menen,39972.51550760000,33149472.60040000081,"33708",3314.947
222,222,1900/01/01,"319",2000/10/11,"2000000788","37017",Wielsbeke,28993.07021270000,21939734.45540000126,"9851",2193.973
157,157,1900/01/01,"320",2000/10/11,"2000000788","34040",Waregem,36925.72332480000,44486433.74880000204,"38535",4448.643
310,310,1900/01/01,"364",2018/06/01,"2018012105","72042",Oudsbergen,57270.27898660000,116365636.17799998820,"23520",11636.564
309,309,1900/01/01,"365",2018/06/01,"2018012107","72043",Pelt,47026.03796760000,83792656.14319999516,"33383",8379.266
314,314,1900/01/01,"366",2018/06/01,"2018012104","45068",Kruisem,54007.55879080000,71591783.09679999948,"15750",7159.178
313,313,1900/01/01,"367",2018/06/01,"2018012109","44084",Aalter,60976.54594540000,119860615.42300000787,"29242",11986.062
315,315,1900/01/01,"368",2018/06/01,"2018012108","44083",Deinze,82273.71122139999,128052745.71199999750,"43922",12805.275
311,311,1900/01/01,"369",2018/06/01,"2018012103","12041",Puurs-Sint-Amands,39898.94925330000,49306795.90739999712,"26208",4930.680
312,312,1900/01/01,"370",2018/06/01,"2018012106","44085",Lievegem,46791.02918390000,80771916.02740000188,"26441",8077.192
